{"count":1,"self":366.7213312,"total":2098.4701741,"children":{"InitializeActuators":{"count":32,"self":0.0019947999999999997,"total":0.0019947999999999997,"children":null},"InitializeSensors":{"count":32,"self":0.0019931,"total":0.0019931,"children":null},"AgentSendState":{"count":371367,"self":126.59967999999999,"total":596.9119174,"children":{"CollectObservations":{"count":2377024,"self":2.5749496,"total":2.5749496,"children":null},"WriteActionMask":{"count":2377024,"self":3.0137457999999997,"total":3.0137457999999997,"children":null},"RequestDecision":{"count":2377024,"self":14.5769872,"total":464.7235435,"children":{"AgentInfo.ToProto":{"count":2377024,"self":11.8292112,"total":450.1465563,"children":{"GenerateSensorData":{"count":2377024,"self":425.21407999999997,"total":438.31734509999995,"children":{"RayPerceptionSensor.Perceive":{"count":4754048,"self":13.1032592,"total":13.1032596,"children":null}}}}}}}}},"DecideAction":{"count":371367,"self":1108.5714432,"total":1108.5714309999998,"children":null},"AgentAct":{"count":371367,"self":25.718494399999997,"total":25.8612951,"children":{"AgentInfo.ToProto":{"count":522,"self":0.0029912999999999997,"total":0.1428007,"children":{"GenerateSensorData":{"count":522,"self":0.137816,"total":0.1398094,"children":{"RayPerceptionSensor.Perceive":{"count":1044,"self":0.0019933999999999998,"total":0.0019933999999999998,"children":null}}}}}}},"AgentInfo.ToProto":{"count":1300,"self":0.0099671,"total":0.39023359999999996,"children":{"GenerateSensorData":{"count":1300,"self":0.37031519999999996,"total":0.3802665,"children":{"RayPerceptionSensor.Perceive":{"count":2600,"self":0.0099513,"total":0.0099513,"children":null}}}}}},"gauges":{"Soccer.CumulativeReward":{"count":1822,"max":1.002,"min":-1,"runningAverage":0.00039380035,"value":-0.9998,"weightedAverage":-0.0222082883}},"metadata":{"timer_format_version":"0.1.0","start_time_seconds":"1626672807","unity_version":"2021.1.14f1","command_line_arguments":"C:\\Program Files\\Unity\\Hub\\Editor\\2021.1.14f1\\Editor\\Unity.exe -createproject D:\\Github\\SoccerML -cloneFromTemplate C:\\Program Files\\Unity\\Hub\\Editor\\2021.1.14f1\\Editor\\Data\\Resources\\PackageManager\\ProjectTemplates\\com.unity.template.3d-5.0.4.tgz -cloudOrganization undefined -cloudEnvironment production -useHub -hubIPC -hubSessionId e22515c0-e824-11eb-865b-81c91f4da687 -accessToken jWlXkLAnHBaEZN2-HVI_EcnU0nT6tzGPaPl1b-faYpE00df","communication_protocol_version":"1.5.0","com.unity.ml-agents_version":"2.1.0-exp.1","scene_name":"SampleScene","end_time_seconds":"1626674905"}}