{"count":1,"self":249.5759872,"total":1138.3344307999998,"children":{"InitializeActuators":{"count":16,"self":0.0019933999999999998,"total":0.0019933999999999998,"children":null},"InitializeSensors":{"count":16,"self":0.0020495,"total":0.0020495,"children":null},"AgentSendState":{"count":252317,"self":33.607408,"total":68.90413869999999,"children":{"CollectObservations":{"count":807424,"self":2.7900156,"total":2.7900155,"children":null},"WriteActionMask":{"count":807424,"self":0.8837627,"total":0.8837627,"children":null},"RequestDecision":{"count":807424,"self":4.0013087999999994,"total":31.6229522,"children":{"AgentInfo.ToProto":{"count":807424,"self":2.8662896,"total":27.621643499999998,"children":{"GenerateSensorData":{"count":807424,"self":20.451524799999998,"total":24.755353799999998,"children":{"RayPerceptionSensor.Perceive":{"count":807424,"self":4.3038288,"total":4.3038288,"children":null}}}}}}}}},"DecideAction":{"count":252317,"self":811.54247679999992,"total":811.54247,"children":null},"AgentAct":{"count":252317,"self":7.8976375999999995,"total":7.9544426999999995,"children":{"AgentInfo.ToProto":{"count":844,"self":0.0079785,"total":0.0568054,"children":{"GenerateSensorData":{"count":844,"self":0.0458458,"total":0.0488269,"children":{"RayPerceptionSensor.Perceive":{"count":844,"self":0.0029811,"total":0.0029811,"children":null}}}}}}},"AgentInfo.ToProto":{"count":5914,"self":0.0577311,"total":0.35134709999999997,"children":{"GenerateSensorData":{"count":5914,"self":0.2617458,"total":0.293616,"children":{"RayPerceptionSensor.Perceive":{"count":5914,"self":0.0318702,"total":0.0318702,"children":null}}}}}},"gauges":{"MummyIL.CumulativeReward":{"count":6758,"max":0.9985,"min":-2.228498,"runningAverage":-0.5645897,"value":0.8905,"weightedAverage":-0.360377669}},"metadata":{"timer_format_version":"0.1.0","start_time_seconds":"1626655968","unity_version":"2021.1.14f1","command_line_arguments":"C:\\Program Files\\Unity\\Hub\\Editor\\2021.1.14f1\\Editor\\Unity.exe -projectpath D:\/Github\/MummyL_immitationLearning -useHub -hubIPC -cloudEnvironment production -hubSessionId e22515c0-e824-11eb-865b-81c91f4da687 -accessToken jWlXkLAnHBaEZN2-HVI_EcnU0nT6tzGPaPl1b-faYpE00df","communication_protocol_version":"1.5.0","com.unity.ml-agents_version":"2.1.0-exp.1","scene_name":"SampleScene","end_time_seconds":"1626657107"}}